keyword,title,slug,category_id,tag_ids
best portable solar panel for rv,Best Portable Solar Panels for RVs in 2025,best-portable-solar-panel-for-rv,5,12
300 watt solar panel setup for caravan,How to Build a 300W Solar Panel Setup for Your Caravan,300w-solar-panel-setup-for-caravan,5,12
flexible solar panels for motorhome,Top Flexible Solar Panels for Motorhomes,flexible-solar-panels-for-motorhome,5,12
how to install solar panels on a caravan,Step-by-Step: Installing Solar Panels on a Caravan,how-to-install-solar-panels-on-a-caravan,5,12
affordable solar kit for rv camping,Best Affordable Solar Kits for RV Camping,affordable-solar-kit-for-rv-camping,5,12
portable rv solar panel kit 2025,Review: Portable RV Solar Panel Kits for 2025,portable-rv-solar-panel-kit-2025,5,12
rv solar battery charging guide,Complete RV Solar Battery Charging Guide,rv-solar-battery-charging-guide,5,12
solar panel maintenance tips for caravans,7 Solar Panel Maintenance Tips for Caravans,solar-panel-maintenance-tips-for-caravans,5,12
best foldable solar panels rv,Best Foldable Solar Panels for RVs,best-foldable-solar-panels-rv,5,12
solar panel mounting brackets for caravan roof,Choosing Solar Panel Mounting Brackets for Caravan Roofs,solar-panel-mounting-brackets-for-caravan-roof,5,12
